{"cameraMode":{"drawMode":0,"name":"Shaded","section":"Shading Mode"},"sceneLighting":false,"audioPlay":false,"sceneViewState":{"m_AlwaysRefresh":false,"showFog":true,"showSkybox":false,"showFlares":true,"showImageEffects":true,"showParticleSystems":true,"showVisualEffectGraphs":true,"m_FxEnabled":true},"in2DMode":false,"pivot":{"x":0.2588958740234375,"y":5.490669250488281,"z":27.871620178222658},"rotation":{"x":-0.10666925460100174,"y":0.5173947811126709,"z":-0.06476730853319168,"w":-0.8467767238616943},"size":31.877544403076173,"orthographic":true}