{"cameraMode":{"drawMode":0,"name":"Shaded","section":"Shading Mode"},"sceneLighting":false,"audioPlay":false,"sceneViewState":{"m_AlwaysRefresh":false,"showFog":true,"showSkybox":false,"showFlares":true,"showImageEffects":true,"showParticleSystems":true,"showVisualEffectGraphs":true,"m_FxEnabled":true},"in2DMode":false,"pivot":{"x":-0.014200001955032349,"y":-0.052202701568603519,"z":1.298253059387207},"rotation":{"x":-0.045565053820610049,"y":0.04140372946858406,"z":-0.0015515978448092938,"w":-0.9982540011405945},"size":0.12521955370903016,"orthographic":true}