{"cameraMode":{"drawMode":0,"name":"Shaded","section":"Shading Mode"},"sceneLighting":false,"audioPlay":false,"sceneViewState":{"m_AlwaysRefresh":false,"showFog":true,"showSkybox":false,"showFlares":true,"showImageEffects":true,"showParticleSystems":true,"showVisualEffectGraphs":true,"m_FxEnabled":true},"in2DMode":false,"pivot":{"x":0.002521514892578125,"y":4.019321441650391,"z":-6.808899402618408},"rotation":{"x":0.19604989886283875,"y":-0.218547984957695,"z":0.04487128555774689,"w":0.9548776745796204},"size":0.08539879322052002,"orthographic":false}