{"cameraMode":{"drawMode":0,"name":"Shaded","section":"Shading Mode"},"sceneLighting":true,"audioPlay":false,"sceneViewState":{"m_AlwaysRefresh":false,"showFog":true,"showSkybox":true,"showFlares":true,"showImageEffects":true,"showParticleSystems":true,"showVisualEffectGraphs":true,"m_FxEnabled":true},"in2DMode":false,"pivot":{"x":0.018000006675720216,"y":4.067999839782715,"z":16.284000396728517},"rotation":{"x":-0.16516371071338654,"y":0.2317344695329666,"z":-0.039778437465429309,"w":-0.9579198956489563},"size":0.5599542856216431,"orthographic":true}