{"cameraMode":{"drawMode":0,"name":"Shaded","section":"Shading Mode"},"sceneLighting":true,"audioPlay":false,"sceneViewState":{"m_AlwaysRefresh":false,"showFog":true,"showSkybox":true,"showFlares":true,"showImageEffects":true,"showParticleSystems":true,"showVisualEffectGraphs":true,"m_FxEnabled":true},"in2DMode":false,"pivot":{"x":-0.009211063385009766,"y":4.054675102233887,"z":25.65999984741211},"rotation":{"x":0.316893994808197,"y":0.3693675994873047,"z":-0.13560223579406739,"w":0.8630126118659973},"size":0.18098610639572144,"orthographic":true}