{"cameraMode":{"drawMode":0,"name":"Shaded","section":"Shading Mode"},"sceneLighting":true,"audioPlay":false,"sceneViewState":{"m_AlwaysRefresh":false,"showFog":true,"showSkybox":true,"showFlares":true,"showImageEffects":true,"showParticleSystems":true,"showVisualEffectGraphs":true,"m_FxEnabled":true},"in2DMode":false,"pivot":{"x":-0.07116226106882096,"y":4.052691459655762,"z":33.358890533447269},"rotation":{"x":-0.19402170181274415,"y":0.32031047344207766,"z":-0.0669938325881958,"w":-0.924964189529419},"size":0.28687456250190737,"orthographic":true}