{"cameraMode":{"drawMode":0,"name":"Shaded","section":"Shading Mode"},"sceneLighting":false,"audioPlay":false,"sceneViewState":{"m_AlwaysRefresh":false,"showFog":true,"showSkybox":false,"showFlares":true,"showImageEffects":true,"showParticleSystems":true,"showVisualEffectGraphs":true,"m_FxEnabled":true},"in2DMode":false,"pivot":{"x":2.1733145713806154,"y":-1.4030920267105103,"z":2.6943821907043459},"rotation":{"x":0.7456429600715637,"y":0.0019991621375083925,"z":-0.0022367381025105716,"w":0.6663450002670288},"size":1.3929201364517213,"orthographic":true}