{"cameraMode":{"drawMode":0,"name":"Shaded","section":"Shading Mode"},"sceneLighting":true,"audioPlay":false,"sceneViewState":{"m_AlwaysRefresh":false,"showFog":true,"showSkybox":false,"showFlares":true,"showImageEffects":true,"showParticleSystems":true,"showVisualEffectGraphs":true,"m_FxEnabled":true},"in2DMode":false,"pivot":{"x":4.394812107086182,"y":-1.9530835151672364,"z":0.3748905658721924},"rotation":{"x":0.09853170812129975,"y":0.0005945796146988869,"z":0.00006357814709190279,"w":-0.9951518177986145},"size":7.305819034576416,"orthographic":false}