{"cameraMode":{"drawMode":0,"name":"Shaded","section":"Shading Mode"},"sceneLighting":false,"audioPlay":false,"sceneViewState":{"m_AlwaysRefresh":false,"showFog":true,"showSkybox":false,"showFlares":true,"showImageEffects":true,"showParticleSystems":true,"showVisualEffectGraphs":true,"m_FxEnabled":true},"in2DMode":false,"pivot":{"x":-0.15800000727176667,"y":3.9992001056671144,"z":8.590999603271485},"rotation":{"x":0.08390162140130997,"y":-0.0074782525189220909,"z":0.000624417734798044,"w":0.9964932203292847},"size":0.017771609127521516,"orthographic":true}