{"cameraMode":{"drawMode":0,"name":"Shaded","section":"Shading Mode"},"sceneLighting":false,"audioPlay":false,"sceneViewState":{"m_AlwaysRefresh":false,"showFog":true,"showSkybox":false,"showFlares":true,"showImageEffects":true,"showParticleSystems":true,"showVisualEffectGraphs":true,"m_FxEnabled":true},"in2DMode":false,"pivot":{"x":-0.007582142483443022,"y":-0.08174949884414673,"z":1.4646416902542115},"rotation":{"x":0.04000920429825783,"y":0.15345974266529084,"z":0.006218852940946817,"w":-0.9873450398445129},"size":0.26276037096977236,"orthographic":true}