{"cameraMode":{"drawMode":0,"name":"Shaded","section":"Shading Mode"},"sceneLighting":false,"audioPlay":false,"sceneViewState":{"m_AlwaysRefresh":false,"showFog":true,"showSkybox":false,"showFlares":true,"showImageEffects":true,"showParticleSystems":true,"showVisualEffectGraphs":true,"m_FxEnabled":true},"in2DMode":false,"pivot":{"x":2.1381282806396486,"y":-0.846306324005127,"z":20.409101486206056},"rotation":{"x":-0.00529570272192359,"y":0.9934792518615723,"z":-0.055836960673332217,"w":-0.10049706697463989},"size":0.20779502391815186,"orthographic":true}