{"cameraMode":{"drawMode":0,"name":"Shaded","section":"Shading Mode"},"sceneLighting":false,"audioPlay":false,"sceneViewState":{"m_AlwaysRefresh":false,"showFog":true,"showSkybox":false,"showFlares":true,"showImageEffects":true,"showParticleSystems":true,"showVisualEffectGraphs":true,"m_FxEnabled":true},"in2DMode":false,"pivot":{"x":-0.04102274402976036,"y":-0.034072112292051318,"z":-0.7552171945571899},"rotation":{"x":-0.09629500657320023,"y":0.3313864767551422,"z":-0.034049537032842639,"w":-0.9380258321762085},"size":0.06055622175335884,"orthographic":false}