{"cameraMode":{"drawMode":0,"name":"Shaded","section":"Shading Mode"},"sceneLighting":false,"audioPlay":false,"sceneViewState":{"m_AlwaysRefresh":false,"showFog":true,"showSkybox":false,"showFlares":true,"showImageEffects":true,"showParticleSystems":true,"showVisualEffectGraphs":true,"m_FxEnabled":true},"in2DMode":false,"pivot":{"x":-0.036908794194459918,"y":0.11742212623357773,"z":1.513243317604065},"rotation":{"x":-0.05098175257444382,"y":0.003884713165462017,"z":0.00014206685591489077,"w":0.9987667798995972},"size":0.3408432900905609,"orthographic":true}