{"cameraMode":{"drawMode":0,"name":"Shaded","section":"Shading Mode"},"sceneLighting":false,"audioPlay":false,"sceneViewState":{"m_AlwaysRefresh":false,"showFog":true,"showSkybox":false,"showFlares":true,"showImageEffects":true,"showParticleSystems":true,"showVisualEffectGraphs":true,"m_FxEnabled":true},"in2DMode":false,"pivot":{"x":-0.0468347929418087,"y":-1.2854233980178834,"z":-0.6470707058906555},"rotation":{"x":-0.031480152159929278,"y":0.1410612314939499,"z":-0.004532397259026766,"w":-0.9895505309104919},"size":0.04848463460803032,"orthographic":false}