{"cameraMode":{"drawMode":0,"name":"Shaded","section":"Shading Mode"},"sceneLighting":false,"audioPlay":false,"sceneViewState":{"m_AlwaysRefresh":false,"showFog":true,"showSkybox":false,"showFlares":true,"showImageEffects":true,"showParticleSystems":true,"showVisualEffectGraphs":true,"m_FxEnabled":true},"in2DMode":false,"pivot":{"x":-0.020375564694404603,"y":3.9709458351135256,"z":8.763561248779297},"rotation":{"x":0.4632490277290344,"y":-0.4557531774044037,"z":0.3028685450553894,"w":0.6971646547317505},"size":0.39590218663215639,"orthographic":true}