{"cameraMode":{"drawMode":0,"name":"Shaded","section":"Shading Mode"},"sceneLighting":false,"audioPlay":false,"sceneViewState":{"m_AlwaysRefresh":false,"showFog":true,"showSkybox":false,"showFlares":true,"showImageEffects":true,"showParticleSystems":true,"showVisualEffectGraphs":true,"m_FxEnabled":true},"in2DMode":false,"pivot":{"x":-0.01147976890206337,"y":-0.057486601173877719,"z":-1.8249611854553223},"rotation":{"x":0.12968146800994874,"y":-0.42376887798309328,"z":0.06144820898771286,"w":0.8943325281143189},"size":0.042582232505083087,"orthographic":false}