{"cameraMode":{"drawMode":0,"name":"Shaded","section":"Shading Mode"},"sceneLighting":false,"audioPlay":false,"sceneViewState":{"m_AlwaysRefresh":false,"showFog":true,"showSkybox":false,"showFlares":true,"showImageEffects":true,"showParticleSystems":true,"showVisualEffectGraphs":true,"m_FxEnabled":true},"in2DMode":false,"pivot":{"x":-0.014200001955032349,"y":-0.052202701568603519,"z":1.298253059387207},"rotation":{"x":0.32873988151550295,"y":-0.1577100306749344,"z":0.05563686043024063,"w":0.9295672178268433},"size":0.21208004653453828,"orthographic":true}