{"cameraMode":{"drawMode":0,"name":"Shaded","section":"Shading Mode"},"sceneLighting":false,"audioPlay":false,"sceneViewState":{"m_AlwaysRefresh":false,"showFog":true,"showSkybox":false,"showFlares":true,"showImageEffects":true,"showParticleSystems":true,"showVisualEffectGraphs":true,"m_FxEnabled":true},"in2DMode":false,"pivot":{"x":-0.0010000001639127732,"y":4.080999851226807,"z":8.692999839782715},"rotation":{"x":-0.26141318678855898,"y":0.27520349621772768,"z":-0.0780772939324379,"w":-0.9219328761100769},"size":0.038007769733667377,"orthographic":false}