{"cameraMode":{"drawMode":0,"name":"Shaded","section":"Shading Mode"},"sceneLighting":true,"audioPlay":false,"sceneViewState":{"m_AlwaysRefresh":false,"showFog":true,"showSkybox":false,"showFlares":true,"showImageEffects":true,"showParticleSystems":true,"showVisualEffectGraphs":true,"m_FxEnabled":true},"in2DMode":false,"pivot":{"x":-0.21106839179992677,"y":10.018603324890137,"z":1.6740610599517823},"rotation":{"x":-0.0657886266708374,"y":0.9342139363288879,"z":-0.24534624814987184,"w":-0.25073590874671938},"size":4.478184223175049,"orthographic":false}