{"cameraMode":{"drawMode":0,"name":"Shaded","section":"Shading Mode"},"sceneLighting":false,"audioPlay":false,"sceneViewState":{"m_AlwaysRefresh":false,"showFog":true,"showSkybox":false,"showFlares":true,"showImageEffects":true,"showParticleSystems":true,"showVisualEffectGraphs":true,"m_FxEnabled":true},"in2DMode":false,"pivot":{"x":144.00003051757813,"y":255.74996948242188,"z":0.6491265296936035},"rotation":{"x":0.06103773042559624,"y":0.11711140722036362,"z":-0.007209598086774349,"w":0.9912405014038086},"size":293.5037841796875,"orthographic":true}