{"cameraMode":{"drawMode":0,"name":"Shaded","section":"Shading Mode"},"sceneLighting":false,"audioPlay":false,"sceneViewState":{"m_AlwaysRefresh":false,"showFog":true,"showSkybox":false,"showFlares":true,"showImageEffects":true,"showParticleSystems":true,"showVisualEffectGraphs":true,"m_FxEnabled":true},"in2DMode":false,"pivot":{"x":0.20832088589668275,"y":-0.04106739163398743,"z":154.16465759277345},"rotation":{"x":-0.0018084077164530755,"y":-0.008404782973229885,"z":0.000023930217139422894,"w":-1.0000566244125367},"size":0.4962860941886902,"orthographic":false}