{"cameraMode":{"drawMode":0,"name":"Shaded","section":"Shading Mode"},"sceneLighting":false,"audioPlay":false,"sceneViewState":{"m_AlwaysRefresh":false,"showFog":true,"showSkybox":false,"showFlares":true,"showImageEffects":true,"showParticleSystems":true,"showVisualEffectGraphs":true,"m_FxEnabled":true},"in2DMode":false,"pivot":{"x":-0.014200001955032349,"y":-0.052202701568603519,"z":1.5708742141723633},"rotation":{"x":-0.005491891410201788,"y":-0.6554011702537537,"z":-0.004662713967263699,"w":0.7554383277893066},"size":0.2124243676662445,"orthographic":true}