{"cameraMode":{"drawMode":0,"name":"Shaded","section":"Shading Mode"},"sceneLighting":false,"audioPlay":false,"sceneViewState":{"m_AlwaysRefresh":false,"showFog":true,"showSkybox":false,"showFlares":true,"showImageEffects":true,"showParticleSystems":true,"showVisualEffectGraphs":true,"m_FxEnabled":true},"in2DMode":false,"pivot":{"x":-0.03425176814198494,"y":-1.2898725271224976,"z":-0.6762486696243286},"rotation":{"x":-0.1140434518456459,"y":-0.02027285099029541,"z":0.0022893829736858608,"w":-0.9933255314826965},"size":0.031474772840738299,"orthographic":false}