{"cameraMode":{"drawMode":0,"name":"Shaded","section":"Shading Mode"},"sceneLighting":false,"audioPlay":false,"sceneViewState":{"m_AlwaysRefresh":false,"showFog":true,"showSkybox":false,"showFlares":true,"showImageEffects":true,"showParticleSystems":true,"showVisualEffectGraphs":true,"m_FxEnabled":true},"in2DMode":false,"pivot":{"x":-0.0010877754539251328,"y":-0.048683375120162967,"z":-1.8206144571304322},"rotation":{"x":0.09547828137874603,"y":-0.3975125551223755,"z":0.04104604199528694,"w":0.9118545055389404},"size":0.03883606195449829,"orthographic":true}