{"cameraMode":{"drawMode":0,"name":"Shaded","section":"Shading Mode"},"sceneLighting":false,"audioPlay":false,"sceneViewState":{"m_AlwaysRefresh":false,"showFog":true,"showSkybox":false,"showFlares":true,"showImageEffects":true,"showParticleSystems":true,"showVisualEffectGraphs":true,"m_FxEnabled":true},"in2DMode":false,"pivot":{"x":-0.16453123092651368,"y":3.2861175537109377,"z":-0.023174762725830079},"rotation":{"x":-0.0657886266708374,"y":0.9342139363288879,"z":-0.24534624814987184,"w":-0.25073590874671938},"size":4.178133964538574,"orthographic":false}