{"cameraMode":{"drawMode":0,"name":"Shaded","section":"Shading Mode"},"sceneLighting":false,"audioPlay":false,"sceneViewState":{"m_AlwaysRefresh":false,"showFog":true,"showSkybox":false,"showFlares":true,"showImageEffects":true,"showParticleSystems":true,"showVisualEffectGraphs":true,"m_FxEnabled":true},"in2DMode":false,"pivot":{"x":-0.0697999969124794,"y":4.0945000648498539,"z":8.907519340515137},"rotation":{"x":-0.03738589212298393,"y":0.07458598166704178,"z":-0.0028221772518008949,"w":-0.9965397715568543},"size":0.19658541679382325,"orthographic":true}