{"cameraMode":{"drawMode":0,"name":"Shaded","section":"Shading Mode"},"sceneLighting":false,"audioPlay":false,"sceneViewState":{"m_AlwaysRefresh":false,"showFog":true,"showSkybox":false,"showFlares":true,"showImageEffects":true,"showParticleSystems":true,"showVisualEffectGraphs":true,"m_FxEnabled":true},"in2DMode":false,"pivot":{"x":-0.014200001955032349,"y":-0.052202701568603519,"z":1.5708742141723633},"rotation":{"x":0.15176689624786378,"y":-0.09030193090438843,"z":0.014026111923158169,"w":0.984258234500885},"size":0.2124243676662445,"orthographic":true}