{"cameraMode":{"drawMode":0,"name":"Shaded","section":"Shading Mode"},"sceneLighting":false,"audioPlay":false,"sceneViewState":{"m_AlwaysRefresh":false,"showFog":true,"showSkybox":false,"showFlares":true,"showImageEffects":true,"showParticleSystems":true,"showVisualEffectGraphs":true,"m_FxEnabled":true},"in2DMode":false,"pivot":{"x":0.2545611262321472,"y":-0.023641293868422509,"z":-0.6876238584518433},"rotation":{"x":0.09775172173976898,"y":-0.41895541548728945,"z":0.045423973351716998,"w":0.9015870690345764},"size":0.04200872406363487,"orthographic":true}