{"cameraMode":{"drawMode":0,"name":"Shaded","section":"Shading Mode"},"sceneLighting":false,"audioPlay":false,"sceneViewState":{"m_AlwaysRefresh":false,"showFog":true,"showSkybox":false,"showFlares":true,"showImageEffects":true,"showParticleSystems":true,"showVisualEffectGraphs":true,"m_FxEnabled":true},"in2DMode":false,"pivot":{"x":-0.15799999237060548,"y":4.000178337097168,"z":8.590999603271485},"rotation":{"x":-0.06979138404130936,"y":-0.03948858380317688,"z":0.0027431815396994354,"w":-0.996814489364624},"size":0.46556970477104189,"orthographic":true}